,district,name,state
0,District 1,Robert Kennedy Jr.,Alabama
1,District 1,Bradley Byrne,Alabama
2,District 2,Tabitha Isner,Alabama
3,District 2,Martha Roby,Alabama
4,District 3,Mallory Hagan,Alabama
5,District 3,Mike Rogers,Alabama
6,District 4,Lee Auman,Alabama
7,District 4,Robert Aderholt,Alabama
8,District 5,Peter Joffrion,Alabama
9,District 5,Mo Brooks,Alabama
10,District 6,Danner Kline,Alabama
11,District 6,Gary Palmer,Alabama
12,District 7,Terri Sewell,Alabama
13,,Don Young,Alaska
14,,Alyse Galvin,Alaska
15,,Greg Fitch,Alaska
16,,Sid Hill,Alaska
17,District 1,Tom O&#39;Halleran,Arizona
18,District 1,Wendy Rogers,Arizona
19,District 1,David Shock,Arizona
20,District 2,Ann Kirkpatrick,Arizona
21,District 2,Lea Marquez Peterson,Arizona
22,District 2,Melissa Grable,Arizona
23,District 2,Jordan Flayer,Arizona
24,District 3,Raul Grijalva,Arizona
25,District 3,Nicolas Pierson,Arizona
26,District 3,Jaime Vasquez,Arizona
27,District 4,Paul Gosar,Arizona
28,District 4,David Brill,Arizona
29,District 4,Haryaksha Gregor Knauer,Arizona
30,District 5,Andy Biggs,Arizona
31,District 5,Joan Greene,Arizona
32,District 6,David Schweikert,Arizona
33,District 6,Anita Malik,Arizona
34,District 7,Ruben Gallego,Arizona
35,District 7,Gary Swing,Arizona
36,District 7,"James ""007"" Bond IV",Arizona
37,District 8,Debbie Lesko,Arizona
38,District 8,Hiral Tipirneni,Arizona
39,District 8,Augie Beyer,Arizona
40,District 8,Steven Hummel,Arizona
41,District 9,Greg Stanton,Arizona
42,District 9,Steve Ferrara,Arizona
43,District 9,Kiko Rex,Arizona
44,District 1,Rick Crawford,Arkansas
45,District 1,Chintan Desai,Arkansas
46,District 1,Elvis Presley,Arkansas
47,District 2,French Hill,Arkansas
48,District 2,Clarke Tucker,Arkansas
49,District 2,Joe Swafford,Arkansas
50,District 3,Steve Womack,Arkansas
51,District 3,Joshua Mahony,Arkansas
52,District 3,Michael Kalagias,Arkansas
53,District 3,Josh Moody,Arkansas
54,District 3,Jason Tate,Arkansas
55,District 4,Bruce Westerman,Arkansas
56,District 4,Hayden Shamel,Arkansas
57,District 4,Tom Canada,Arkansas
58,District 4,Lee McQueen,Arkansas
59,District 4,Jack Foster,Arkansas
60,District 4,Susan Ann Martin,Arkansas
61,District 1,Doug LaMalfa,California
62,District 1,Audrey Denney,California
63,District 2,Jared Huffman,California
64,District 2,Dale Mensing,California
65,District 3,John Garamendi,California
66,District 3,Charlie Schaupp,California
67,District 4,Tom McClintock,California
68,District 4,Jessica Morse,California
69,District 5,Mike Thompson,California
70,District 5,Anthony Mills,California
71,District 6,Doris Matsui,California
72,District 6,Jrmar Jefferson,California
73,District 7,Ami Bera,California
74,District 7,Andrew Grant,California
75,District 8,Paul Cook,California
76,District 8,Tim Donnelly,California
77,District 9,Jerry McNerney,California
78,District 9,Marla Livengood,California
79,District 10,Jeff Denham,California
80,District 10,Josh Harder,California
81,District 11,Mark DeSaulnier,California
82,District 11,John Fitzgerald,California
83,District 12,Nancy Pelosi,California
84,District 12,Lisa Remmer,California
85,District 13,Barbara Lee,California
86,District 13,Laura Wells,California
87,District 14,Jackie Speier,California
88,District 14,Cristina Osmeña,California
89,District 15,Eric Swalwell,California
90,District 15,Rudy Peters,California
91,District 16,Jim Costa,California
92,District 16,Elizabeth Heng,California
93,District 17,Ro Khanna,California
94,District 17,Ron Cohen,California
95,District 18,Anna Eshoo,California
96,District 18,Christine Russell,California
97,District 19,Zoe Lofgren,California
98,District 19,Justin Aguilera,California
99,District 20,Jimmy Panetta,California
100,District 20,Ronald Paul Kabat,California
101,District 21,David Valadao,California
102,District 21,TJ Cox,California
103,District 22,Devin Nunes,California
104,District 22,Andrew Janz,California
105,District 23,Kevin McCarthy,California
106,District 23,Tatiana Matta,California
107,District 24,Salud Carbajal,California
108,District 24,Justin Fareed,California
109,District 25,Stephen Knight,California
110,District 26,Julia Brownley,California
111,District 26,Antonio Sabato Jr.,California
112,District 27,Judy Chu,California
113,District 27,Bryan Witt,California
114,District 28,Adam Schiff,California
115,District 28,Johnny Nalbandian,California
116,District 29,Tony Cardenas,California
117,District 29,Benito Bernal,California
118,District 30,Brad Sherman,California
119,District 30,Mark Reed,California
120,District 31,Pete Aguilar,California
121,District 31,Sean Flynn,California
122,District 32,Grace Napolitano,California
123,District 32,Joshua Scott,California
124,District 33,Ted Lieu,California
125,District 33,Kenneth Wright,California
126,District 34,Jimmy Gomez,California
127,District 34,Kenneth Mejia,California
128,District 35,Norma Torres,California
129,District 35,Christian Valiente,California
130,District 36,Raul Ruiz,California
131,District 36,Kimberlin Brown Pelzer,California
132,District 37,Karen Bass,California
133,District 37,Ron Bassilian,California
134,District 38,Linda Sánchez,California
135,District 38,Ryan Downing,California
136,District 39,Gil Cisneros,California
137,District 39,Young Kim,California
138,District 40,Lucille Roybal-Allard,California
139,District 40,Rodolfo Cortes Barragan,California
140,District 41,Mark Takano,California
141,District 41,Aja Smith,California
142,District 42,Ken Calvert,California
143,District 42,Julia Peacock,California
144,District 43,Maxine Waters,California
145,District 43,Omar Navarro,California
146,District 44,Nanette Barragán,California
147,District 44,Aja Brown,California
148,District 45,Mimi Walters,California
149,District 45,Katie Porter,California
150,District 46,Lou Correa,California
151,District 46,Russell Lambert,California
152,District 47,Alan Lowenthal,California
153,District 47,John Briscoe,California
154,District 48,Dana Rohrabacher,California
155,District 48,Harley Rouda,California
156,District 49,Mike Levin,California
157,District 49,Diane Harkey,California
158,District 50,Duncan Hunter,California
159,District 50,Ammar Campa-Najjar,California
160,District 51,Juan Vargas,California
161,District 51,Juan Hidalgo Jr.,California
162,District 52,Scott Peters,California
163,District 52,Omar Qudrat,California
164,District 53,Susan Davis,California
165,District 53,Morgan Murtaugh,California
166,District 1,Diana DeGette,Colorado
167,District 1,Casper Stockham,Colorado
168,District 1,Raymon Doane,Colorado
169,District 1,Paul Daly,Colorado
170,District 1,Miguel Lopez,Colorado
171,District 2,Joe Neguse,Colorado
172,District 2,Peter Yu,Colorado
173,District 2,Roger Barris,Colorado
174,District 2,Nick Thomas,Colorado
175,District 2,Kevin Alumbaugh,Colorado
176,District 3,Scott Tipton,Colorado
177,District 3,Diane Mitsch Bush,Colorado
178,District 3,Gaylon Kent,Colorado
179,District 3,Mary Malarsie,Colorado
180,District 3,Allen Tompkins,Colorado
181,District 3,Bruce Lohmiller,Colorado
182,District 3,Gary Swing,Colorado
183,District 3,Richard Tetu,Colorado
184,District 4,Ken Buck,Colorado
185,District 4,Karen McCormick,Colorado
186,District 4,Richard Lyons Weil,Colorado
187,District 4,John Vigil,Colorado
188,District 5,Doug Lamborn,Colorado
189,District 5,Stephany Rose Spaulding,Colorado
190,District 5,Douglas Randall,Colorado
191,District 5,Lori Furstenberg,Colorado
192,District 5,John Croom,Colorado
193,District 6,Mike Coffman,Colorado
194,District 6,Jason Crow,Colorado
195,District 6,Kat Martin,Colorado
196,District 6,Dan Chapin,Colorado
197,District 6,Christopher Allen,Colorado
198,District 7,Ed Perlmutter,Colorado
199,District 7,Mark Barrington,Colorado
200,District 7,Jennifer Nackerud,Colorado
201,District 7,Nathan Clay,Colorado
202,District 7,Marcus France,Colorado
203,District 7,Steve Zorn,Colorado
204,District 7,Michael Haughey,Colorado
205,,Lisa Blunt Rochester,Delaware
206,,Scott Walker,Delaware
207,,Andrew Webb,Delaware
208,,Marvin Davis,Delaware
209,,Paul Johnston,Delaware
210,District 2,Neal Dunn,Florida
211,District 2,Bob Rackleff,Florida
212,District 3,Ted Yoho,Florida
213,District 3,Yvonne Hayes Hinson,Florida
214,District 4,John Rutherford,Florida
215,District 4,Ges Selmont,Florida
216,District 4,Joceline Berrios,Florida
217,District 4,Jason Bulger,Florida
218,District 5,Alfred Lawson,Florida
219,District 5,Virginia Fuller,Florida
220,District 6,Nancy Soderberg,Florida
221,District 6,Michael Waltz,Florida
222,District 7,Stephanie Murphy,Florida
223,District 7,Mike Miller,Florida
224,District 7,Jose Valdez,Florida
225,District 8,Bill Posey,Florida
226,District 8,Sanjay Patel,Florida
227,District 9,Darren Soto,Florida
228,District 9,Wayne Liebnitzky,Florida
229,District 10,Val Demings,Florida
230,District 11,Daniel Webster,Florida
231,District 11,Dana Cottrell,Florida
232,District 12,Gus M. Bilirakis,Florida
233,District 12,Chris Hunter,Florida
234,District 12,Angelika Purkis,Florida
235,District 13,Charlie Crist,Florida
236,District 13,George Buck,Florida
237,District 14,Kathy Castor,Florida
238,District 15,Kristen Carlson,Florida
239,District 15,Ross Spano,Florida
240,District 15,"<img alt=""Grey.png"" src=""https://cdn.ballotpedia.org/images/a/a7/Grey.png"" width=""18"" height=""18"" data-file-width=""16"" data-file-height=""16"" />",Florida
241,District 16,Vern Buchanan,Florida
242,District 16,David Shapiro,Florida
243,District 16,Eric Allen,Florida
244,District 16,Sean Canfield,Florida
245,District 16,Robert Samuel Kaplan,Florida
246,District 17,Allen Ellison,Florida
247,District 17,Greg Steube,Florida
248,District 17,April Freeman,Florida
249,District 18,Brian Mast,Florida
250,District 18,Lauren Baer,Florida
251,District 19,Francis Rooney,Florida
252,District 19,David Holden,Florida
253,District 20,Alcee L. Hastings,Florida
254,District 21,Lois Frankel,Florida
255,District 22,Theodore E. Deutch,Florida
256,District 22,Nicolas Kimaz,Florida
257,District 23,Debbie Wasserman Schultz,Florida
258,District 23,Joe Kaufman,Florida
259,District 23,Tim Canova,Florida
260,District 23,Don Endriss,Florida
261,District 23,Stuart Reed,Florida
262,District 24,Frederica S. Wilson,Florida
263,District 25,Mario Diaz-Balart,Florida
264,District 25,Mary Barzee Flores,Florida
265,District 26,Carlos Curbelo,Florida
266,District 26,Debbie Mucarsel-Powell,Florida
267,District 26,Edward Bonilla,Florida
268,District 27,Donna Shalala,Florida
269,District 27,Maria Elvira Salazar,Florida
270,District 27,Mayra Joli,Florida
271,District 27,Cassandra Anna Hefton,Florida
272,District 27,Ian Hamilton Trottier,Florida
273,District 1,"Earl ""Buddy"" Carter",Georgia
274,District 1,Lisa Ring,Georgia
275,District 2,Sanford Bishop Jr.,Georgia
276,District 2,Herman West Jr.,Georgia
277,District 3,Drew Ferguson,Georgia
278,District 3,Chuck Enderlin,Georgia
279,District 4,Hank Johnson,Georgia
280,District 4,Joe Profit,Georgia
281,District 5,John Lewis,Georgia
282,District 6,Karen Handel,Georgia
283,District 6,Lucy McBath,Georgia
284,District 6,Jeremy Stubbs,Georgia
285,District 7,Rob Woodall,Georgia
286,District 7,Carolyn Bourdeaux,Georgia
287,District 8,Austin Scott,Georgia
288,District 8,Jimmy Cooper,Georgia
289,District 9,Doug Collins,Georgia
290,District 9,Josh McCall,Georgia
291,District 9,Clifford Baxter,Georgia
292,District 10,Jody Hice,Georgia
293,District 10,Tabitha Johnson-Green,Georgia
294,District 10,Patrick Moorehead,Georgia
295,District 11,Barry Loudermilk,Georgia
296,District 11,Flynn Broady Jr.,Georgia
297,District 11,Bar-Kim Green,Georgia
298,District 12,Rick Allen,Georgia
299,District 12,Francys Johnson,Georgia
300,District 12,Brian Brown,Georgia
301,District 12,Mary West,Georgia
302,District 13,David Scott,Georgia
303,District 13,David Callahan,Georgia
304,District 13,Martin L. Cowen,Georgia
305,District 14,Tom Graves,Georgia
306,District 14,Steven Foster,Georgia
307,District 1,Ed Case,Hawaii
308,District 1,Cam Cavasso,Hawaii
309,District 1,Zachary Burd,Hawaii
310,District 1,Michelle Rose Tippens,Hawaii
311,District 1,Calvin Griffin,Hawaii
312,District 2,Tulsi Gabbard,Hawaii
313,District 2,Brian Evans,Hawaii
314,District 1,Cristina McNeil,Idaho
315,District 1,Russ Fulcher,Idaho
316,District 1,W. Scott Howard,Idaho
317,District 1,Pro-Life,Idaho
318,District 1,Gordon Counsil,Idaho
319,District 1,Paul Farmer,Idaho
320,District 1,Natalie Fleming,Idaho
321,District 1,Michael Rath,Idaho
322,District 2,Michael Simpson,Idaho
323,District 2,Aaron Swisher,Idaho
324,District 1,Bobby Rush,Illinois
325,District 1,Jimmy Lee Tillman II,Illinois
326,District 1,Thomas Rudbeck,Illinois
327,District 2,Robin Kelly,Illinois
328,District 2,David Merkle,Illinois
329,District 3,Daniel Lipinski,Illinois
330,District 3,Arthur Jones,Illinois
331,District 3,Mat Tomkowiak,Illinois
332,District 3,&#91;2&#93;,Illinois
333,District 3,Kenneth Yerkes,Illinois
334,District 4,Jesus Garcia,Illinois
335,District 4,Mark Wayne Lorch,Illinois
336,District 4,Ann Melichar,Illinois
337,District 4,"Ruben Sanchez, Jr.",Illinois
338,District 5,Mike Quigley,Illinois
339,District 5,Tom Hanson,Illinois
340,District 6,Peter J. Roskam,Illinois
341,District 6,Sean Casten,Illinois
342,District 7,Danny K. Davis,Illinois
343,District 7,Craig Cameron,Illinois
344,District 7,Ahmed Salim,Illinois
345,District 8,Raja Krishnamoorthi,Illinois
346,District 8,Jitendra Diganvker,Illinois
347,District 8,Andrew Straw,Illinois
348,District 8,Vandana Jhingan,Illinois
349,District 9,Jan Schakowsky,Illinois
350,District 9,John Elleson,Illinois
351,District 10,Brad Schneider,Illinois
352,District 10,Doug Bennett,Illinois
353,District 11,Bill Foster,Illinois
354,District 11,Nick Stella,Illinois
355,District 12,Mike Bost,Illinois
356,District 12,Brendan Kelly,Illinois
357,District 12,Randy Auxier,Illinois
358,District 12,Charles Koen,Illinois
359,District 12,David Bequette,Illinois
360,District 12,Brendan Kelly,Illinois
361,District 12,Mike Bost,Illinois
362,District 12,Preston Nelson,Illinois
363,District 12,"<img alt=""Green Party"" src=""https://cdn.ballotpedia.org/images/9/9a/Green_Party_dot.png"" width=""18"" height=""18"" data-file-width=""16"" data-file-height=""16"">",Illinois
364,District 12,"<img alt=""Approved"" src=""https://cdn.ballotpedia.org/images/7/77/Yes.png"" width=""16"" height=""16"" data-file-width=""16"" data-file-height=""16"" />",Illinois
365,District 12,District 13,Illinois
366,District 12,Rodney Davis,Illinois
367,District 12,Betsy Londrigan,Illinois
368,District 14,Randy Hultgren,Illinois
369,District 14,Lauren Underwood,Illinois
370,District 15,John Shimkus,Illinois
371,District 15,Kevin Gaither,Illinois
372,District 16,Adam Kinzinger,Illinois
373,District 16,Sara Dady,Illinois
374,District 17,Cheri Bustos,Illinois
375,District 17,Bill Fawell,Illinois
376,District 18,Darin LaHood,Illinois
377,District 18,Junius Rodriguez,Illinois
378,District 1,Peter Visclosky,Indiana
379,District 1,Mark Leyva,Indiana
380,District 1,Jonathan Kleinman,Indiana
381,District 2,Jackie Walorski,Indiana
382,District 2,Mel Hall,Indiana
383,District 2,Richard Wolf,Indiana
384,District 3,Jim Banks,Indiana
385,District 3,Courtney Tritch,Indiana
386,District 4,Tobi Beck,Indiana
387,District 4,Jim Baird,Indiana
388,District 5,Susan Brooks,Indiana
389,District 5,Dee Thornton,Indiana
390,District 6,Jeannine Lee Lake,Indiana
391,District 6,Greg Pence,Indiana
392,District 6,&#91;3&#93;,Indiana
393,District 6,Heather Meloy,Indiana
394,District 6,John Miller,Indiana
395,District 7,Andre Carson,Indiana
396,District 7,Wayne Harmon,Indiana
397,District 8,Larry Bucshon,Indiana
398,District 8,William Tanoos,Indiana
399,District 9,Trey Hollingsworth,Indiana
400,District 9,Liz Watson,Indiana
401,District 3,District 4</span>,Iowa
402,District 1,Rod Blum,Iowa
403,District 1,Abby Finkenauer,Iowa
404,District 1,Troy Hageman,Iowa
405,District 1,Henry Gaff,Iowa
406,District 2,Dave Loebsack,Iowa
407,District 2,Chris Peters,Iowa
408,District 2,Mark Strauss,Iowa
409,District 2,Daniel Clark,Iowa
410,District 3,David Young,Iowa
411,District 3,Cindy Axne,Iowa
412,District 3,Paul Knupp,Iowa
413,District 3,Mark G. Elworth  Jr.,Iowa
414,District 3,Bryan Holder,Iowa
415,District 3,Joe Grandanette,Iowa
416,District 3,Cindy Axne,Iowa
417,District 3,Pete D&#39;Alessandro,Iowa
418,District 3,Eddie Mauro,Iowa
419,District 3,David Young,Iowa
420,District 3,"<img alt=""Libertarian Party"" src=""https://cdn.ballotpedia.org/images/f/f2/Specialsession.png"" width=""18"" height=""18"" data-file-width=""16"" data-file-height=""16"" />",Iowa
421,District 3,&#91;4&#93;,Iowa
422,District 3,"<img alt=""Green Party"" src=""https://cdn.ballotpedia.org/images/9/9a/Green_Party_dot.png"" width=""18"" height=""18"" data-file-width=""16"" data-file-height=""16"">",Iowa
423,District 3,&#91;5&#93;,Iowa
424,District 3,"<img alt=""Grey.png"" src=""https://cdn.ballotpedia.org/images/a/a7/Grey.png"" width=""18"" height=""18"" data-file-width=""16"" data-file-height=""16"" />",Iowa
425,District 3,&#91;6&#93;,Iowa
426,District 3,District 4,Iowa
427,District 3,Steve King,Iowa
428,District 3,J.D. Scholten,Iowa
429,District 3,Charles Aldrich,Iowa
430,District 3,Edward Peterson,Iowa
431,District 3,Kevin Yoder,Kansas
432,District 3,Sharice Davids,Kansas
433,District 3,Chris Clemmons,Kansas
434,District 1,James Comer,Kentucky
435,District 1,Paul Walker,Kentucky
436,District 2,Brett Guthrie,Kentucky
437,District 2,Hank Linderman,Kentucky
438,District 2,Thomas Loecken,Kentucky
439,District 3,John Yarmuth,Kentucky
440,District 3,Vickie Yates Glisson,Kentucky
441,District 3,Gregory Boles,Kentucky
442,District 4,Thomas Massie,Kentucky
443,District 4,Seth Hall,Kentucky
444,District 4,Mike Moffett,Kentucky
445,District 4,David Goodwin,Kentucky
446,District 5,Hal Rogers,Kentucky
447,District 5,Kenneth Stepp,Kentucky
448,District 5,Billy Ray Wilson,Kentucky
449,District 6,Andy Barr,Kentucky
450,District 6,Amy McGrath,Kentucky
451,District 6,Frank Harris,Kentucky
452,District 6,James Germalic,Kentucky
453,District 6,Rikka Wallin,Kentucky
454,District 1,District 2</span>,Louisiana
455,District 1,District 3</span>,Louisiana
456,District 1,District 4</span>,Louisiana
457,District 1,District 5</span>,Louisiana
458,District 1,District 6</span>,Louisiana
459,District 1,See also</span>,Louisiana
460,District 1,Footnotes</span>,Louisiana
461,District 1,U.S. House,Louisiana
462,District 1,Steve Scalise,Louisiana
463,District 1,Lee Ann Dugas,Louisiana
464,District 1,Jim Francis,Louisiana
465,District 1,Tammy Savoie,Louisiana
466,District 1,Howard Kearney,Louisiana
467,District 1,Frederick Jones,Louisiana
468,District 1,District 2,Louisiana
469,District 1,Cedric Richmond,Louisiana
470,District 1,Belden Batiste,Louisiana
471,District 1,Shawndra Rodriguez,Louisiana
472,District 1,Jesse Schmidt,Louisiana
473,District 1,District 3,Louisiana
474,District 1,Clay Higgins,Louisiana
475,District 1,Rob Anderson,Louisiana
476,District 1,Mildred &quot;Mimi&quot; Methvin,Louisiana
477,District 1,Larry Rader,Louisiana
478,District 1,Verone Thomas,Louisiana
479,District 1,Josh Guillory,Louisiana
480,District 1,Aaron Andrus,Louisiana
481,District 1,Phillip Conner,Louisiana
482,District 1,Dave Langlinais,Louisiana
483,District 1,District 4,Louisiana
484,District 1,Mike Johnson,Louisiana
485,District 1,Ryan Trundle,Louisiana
486,District 1,Mark Halverson,Louisiana
487,District 1,District 5,Louisiana
488,District 1,Ralph Abraham,Louisiana
489,District 1,Jessee Carlton Fleenor,Louisiana
490,District 1,Kyle Randol,Louisiana
491,District 1,Billy Burkette,Louisiana
492,District 1,District 6,Louisiana
493,District 1,Garret Graves,Louisiana
494,District 1,Justin DeWitt,Louisiana
495,District 1,Andie Saizan,Louisiana
496,District 1,Devin Lance Graham,Louisiana
497,District 1,"<img alt=""Ballotpedia-Wave Election Analysis Banner.png"" src=""https://cdn.ballotpedia.org/images/8/82/Ballotpedia-Wave_Election_Analysis_Banner.png"" width=""1100"" height=""162"" data-file-width=""956"" data-file-height=""141"" />",Louisiana
498,District 1,Donald Trump,Louisiana
499,District 1,Click here to read the full report,Louisiana
500,District 1,&#91;3&#93;,Louisiana
501,District 1,Hoover,Louisiana
502,District 1,Harding,Louisiana
503,District 1,Roosevelt,Louisiana
504,District 1,Obama,Louisiana
505,District 1,Wilson,Louisiana
506,District 1,Truman,Louisiana
507,District 1,Clinton,Louisiana
508,District 1,Hoover,Louisiana
509,District 1,Roosevelt,Louisiana
510,District 1,Johnson,Louisiana
511,District 1,&#91;4&#93;,Louisiana
512,District 1,Ford,Louisiana
513,District 1,&#91;5&#93;,Louisiana
514,District 1,"U.S. House battlegrounds, 2018",Louisiana
515,District 1,"U.S. House primaries, 2018",Louisiana
516,District 1,", ""Why Louisiana's Voting System Is Unusual,"" November 16, 1991",Louisiana
517,District 1,Richard Winger,Louisiana
518,District 1,↑,Louisiana
519,District 1,↑,Louisiana
520,District 1,↑,Louisiana
521,District 1,Wyoming,Louisiana
522,District 1,American Unity PAC,Louisiana
523,District 1,Chellie Pingree,Maine
524,District 1,Mark Holbrook,Maine
525,District 1,Martin Grohman,Maine
526,District 2,Bruce Poliquin,Maine
527,District 2,Jared Golden,Maine
528,District 2,Tiffany Bond,Maine
529,District 2,Will Hoar,Maine
530,District 2,Dennis O&#39;Connor,Maine
531,District 2,Danielle VanHelsing,Maine
532,District 2,Henry John Bear,Maine
533,District 1,Andy Harris,Maryland
534,District 1,Jesse Colvin,Maryland
535,District 1,Jenica Martin,Maryland
536,District 2,Dutch Ruppersberger,Maryland
537,District 2,Liz Matory,Maryland
538,District 2,Guy Mimoun,Maryland
539,District 2,Michael Carney,Maryland
540,District 3,John Sarbanes,Maryland
541,District 3,Charles Anthony,Maryland
542,District 3,David Lashar,Maryland
543,District 4,Anthony Brown (Maryland),Maryland
544,District 4,George McDermott,Maryland
545,District 4,David Bishop,Maryland
546,District 5,Steny Hoyer,Maryland
547,District 5,William Devine III,Maryland
548,District 5,Jacob Pulcher,Maryland
549,District 5,Patrick Elder,Maryland
550,District 6,David Trone,Maryland
551,District 6,Amie Hoeber,Maryland
552,District 6,George Gluck,Maryland
553,District 6,Kevin Caldwell,Maryland
554,District 6,Ted Athey,Maryland
555,District 7,Elijah Cummings,Maryland
556,District 7,Richmond Davis,Maryland
557,District 7,David Griggs,Maryland
558,District 8,Jamie Raskin,Maryland
559,District 8,John Walsh,Maryland
560,District 8,Jasen Wunder,Maryland
561,District 1,Richard Neal,Massachusetts
562,District 2,Jim McGovern,Massachusetts
563,District 2,Tracy Lovvorn,Massachusetts
564,District 2,Paul Grady,Massachusetts
565,District 3,Lori Trahan,Massachusetts
566,District 3,Rick Green,Massachusetts
567,District 3,Mike Mullen,Massachusetts
568,District 4,Joseph Kennedy III,Massachusetts
569,District 5,Katherine Clark,Massachusetts
570,District 5,John Hugo,Massachusetts
571,District 6,Seth Moulton,Massachusetts
572,District 6,Joseph Schneider,Massachusetts
573,District 6,Mary Jean Charbonneau,Massachusetts
574,District 7,Ayanna Pressley,Massachusetts
575,District 8,Stephen Lynch,Massachusetts
576,District 9,Bill Keating,Massachusetts
577,District 9,Peter Tedeschi,Massachusetts
578,District 2,Jason Lewis,Minnesota
579,District 2,Angie Craig,Minnesota
580,District 2,Bradley Svenson,Minnesota
581,District 3,Erik Paulsen,Minnesota
582,District 3,Dean Phillips,Minnesota
583,District 4,Betty McCollum,Minnesota
584,District 4,Greg Ryan,Minnesota
585,District 4,Susan Pendergast Sindt,Minnesota
586,District 5,Ilhan Omar,Minnesota
587,District 5,Jennifer Zielinski,Minnesota
588,District 5,Les Lester,Minnesota
589,District 6,Tom Emmer,Minnesota
590,District 6,Ian Todd,Minnesota
591,District 7,Collin Peterson,Minnesota
592,District 7,Dave Hughes,Minnesota
593,District 1,Trent Kelly,Mississippi
594,District 1,Randy Wadkins,Mississippi
595,District 1,Tracella Lou O'Hara Hill,Mississippi
596,District 2,Bennie Thompson,Mississippi
597,District 2,Troy Ray,Mississippi
598,District 2,Irving Harris,Mississippi
599,District 3,Michael Evans,Mississippi
600,District 3,Michael Guest,Mississippi
601,District 3,Matthew Holland,Mississippi
602,District 4,Steven Palazzo,Mississippi
603,District 4,Jeramey Anderson,Mississippi
604,District 4,Lajena Sheets,Mississippi
605,District 1,William Lacy Clay,Missouri
606,District 1,Robert Vroman,Missouri
607,District 1,Robb Cunningham,Missouri
608,,Greg Gianforte,Montana
609,,Kathleen Williams,Montana
610,,Elinor Swanson,Montana
611,,Doug Campbell,Montana
612,District 1,Jeff Fortenberry,Nebraska
613,District 1,Jessica McClure,Nebraska
614,District 2,Don Bacon,Nebraska
615,District 2,Kara Eastman,Nebraska
616,District 3,Adrian Smith,Nebraska
617,District 3,Paul Theobald,Nebraska
618,District 1,Dina Titus,Nevada
619,District 1,Joyce Bentley,Nevada
620,District 1,Daniel Garfield,Nevada
621,District 1,Robert Van Strawder,Nevada
622,District 2,Mark Amodei,Nevada
623,District 2,Clint Koble,Nevada
624,District 3,Susie Lee,Nevada
625,District 3,Danny Tarkanian,Nevada
626,District 3,Harry Vickers,Nevada
627,District 3,Steven Brown,Nevada
628,District 3,Gilbert Eisner,Nevada
629,District 3,David Goossen,Nevada
630,District 3,Tony Gumina,Nevada
631,District 4,Steven Horsford,Nevada
632,District 4,Cresent Hardy,Nevada
633,District 4,Warren Markowitz,Nevada
634,District 4,Gregg Luckner,Nevada
635,District 4,Dean McGonigle,Nevada
636,District 4,Rodney Smith,Nevada
637,,Chris Pappas,New_Hampshire
638,,Eddie Edwards,New_Hampshire
639,,Dan Belforti,New_Hampshire
640,,Shawn O&#39;Connor,New_Hampshire
641,District 1,Donald Norcross,New_Jersey
642,District 1,Paul Dilks,New_Jersey
643,District 1,Robert Shapiro,New_Jersey
644,District 1,Paul Hamlin,New_Jersey
645,District 1,Mohammad Kabir,New_Jersey
646,District 2,Jeff Van Drew,New_Jersey
647,District 2,Seth Grossman,New_Jersey
648,District 2,John Ordille,New_Jersey
649,District 2,Anthony Parisi Sanchez,New_Jersey
650,District 2,William Benfer,New_Jersey
651,District 2,Steven Fenichel,New_Jersey
652,District 3,Tom MacArthur,New_Jersey
653,District 3,Andrew Kim,New_Jersey
654,District 3,Lawrence Berlinski Jr.,New_Jersey
655,District 4,Chris Smith,New_Jersey
656,District 4,Josh Welle,New_Jersey
657,District 4,Michael Rufo,New_Jersey
658,District 4,Brian Reynolds,New_Jersey
659,District 4,Edward Stackhouse Jr.,New_Jersey
660,District 4,Felicia Stoler,New_Jersey
661,District 4,Allen Yusufov,New_Jersey
662,District 5,Josh Gottheimer,New_Jersey
663,District 5,John McCann,New_Jersey
664,District 5,James Tosone,New_Jersey
665,District 5,Wendy Goetz,New_Jersey
666,District 6,Frank Pallone,New_Jersey
667,District 6,Rich Pezzullo,New_Jersey
668,District 7,Leonard Lance,New_Jersey
669,District 7,Tom Malinowski,New_Jersey
670,District 7,Diane Moxley,New_Jersey
671,District 7,Gregg Mele,New_Jersey
672,District 8,Albio Sires,New_Jersey
673,District 8,John Muniz,New_Jersey
674,District 8,Dan Delaney,New_Jersey
675,District 8,Mahmoud Mahmoud,New_Jersey
676,District 9,Bill Pascrell,New_Jersey
677,District 9,Eric Fisher,New_Jersey
678,District 9,Claudio Belusic,New_Jersey
679,District 10,Donald Payne Jr.,New_Jersey
680,District 10,Agha Khan,New_Jersey
681,District 10,Scott DiRoma,New_Jersey
682,District 10,Cynthia Johnson,New_Jersey
683,District 10,Joan Miller,New_Jersey
684,District 11,Mikie Sherrill,New_Jersey
685,District 11,Jay Webber,New_Jersey
686,District 11,Ryan Martinez,New_Jersey
687,District 11,Robert Crook,New_Jersey
688,District 12,Bonnie Watson Coleman,New_Jersey
689,District 12,Daryl Kipnis,New_Jersey
690,District 1,Debra Haaland,New_Mexico
691,District 1,Janice Arnold-Jones,New_Mexico
692,District 1,Lloyd Princeton,New_Mexico
693,District 2,Xochitl Torres Small,New_Mexico
694,District 2,Yvette Herrell,New_Mexico
695,District 3,Ben Ray Lujan,New_Mexico
696,District 3,Jerald Steve McFall,New_Mexico
697,District 3,Christopher Manning,New_Mexico
698,District 1,Democratic,New_York
699,District 1,Republican,New_York
700,District 1,Conservative Party,New_York
701,District 1,Green Party,New_York
702,District 1,Independence Party,New_York
703,District 1,Reform Party,New_York
704,District 1,Women's Equality Party,New_York
705,District 1,Working Families Party,New_York
706,District 1,Lee Zeldin,New_York
707,District 1,Perry Gershon,New_York
708,District 1,Kate Browning,New_York
709,District 1,Patricia Latzman,New_York
710,District 1,Fusion voting,New_York
711,District 1,"<img alt=""Reform Party"" src=""https://cdn.ballotpedia.org/images/e/e0/Blueslashed.png"" width=""18"" height=""18"" data-file-width=""16"" data-file-height=""16"" />",New_York
712,District 2,Democratic,New_York
713,District 2,Republican,New_York
714,District 2,Conservative Party,New_York
715,District 2,Green Party,New_York
716,District 2,Independence Party,New_York
717,District 2,Reform Party,New_York
718,District 2,Women's Equality Party,New_York
719,District 2,Working Families Party,New_York
720,District 2,Peter King,New_York
721,District 2,Liuba Grechen Shirley,New_York
722,District 2,Fusion voting,New_York
723,District 2,"<img alt=""Reform Party"" src=""https://cdn.ballotpedia.org/images/e/e0/Blueslashed.png"" width=""18"" height=""18"" data-file-width=""16"" data-file-height=""16"" />",New_York
724,District 2,"<img alt=""Women&#39;s Equality Party"" src=""https://cdn.ballotpedia.org/images/2/2d/Purple-Green-Half_Dot-Women%27s_Equality_Party.png"" width=""18"" height=""18"" data-file-width=""16"" data-file-height=""16"" />",New_York
725,District 3,Democratic,New_York
726,District 3,Republican,New_York
727,District 3,Conservative Party,New_York
728,District 3,Green Party,New_York
729,District 3,Independence Party,New_York
730,District 3,Reform Party,New_York
731,District 3,Women's Equality Party,New_York
732,District 3,Working Families Party,New_York
733,District 3,Tom Suozzi,New_York
734,District 3,Dan DeBono,New_York
735,District 3,Josh Sauberman,New_York
736,District 3,Costa Michailidis,New_York
737,District 3,Fusion voting,New_York
738,District 3,"<img alt=""Reform Party"" src=""https://cdn.ballotpedia.org/images/e/e0/Blueslashed.png"" width=""18"" height=""18"" data-file-width=""16"" data-file-height=""16"" />",New_York
739,District 3,"<img alt=""Darkred.png"" src=""https://cdn.ballotpedia.org/images/4/42/Darkred.png"" width=""18"" height=""18"" data-file-width=""16"" data-file-height=""16"" />",New_York
740,District 4,Democratic,New_York
741,District 4,Republican,New_York
742,District 4,Conservative Party,New_York
743,District 4,Green Party,New_York
744,District 4,Independence Party,New_York
745,District 4,Reform Party,New_York
746,District 4,Women's Equality Party,New_York
747,District 4,Working Families Party,New_York
748,District 4,Kathleen Rice,New_York
749,District 4,Ameer Benno,New_York
750,District 4,Fusion voting,New_York
751,District 4,"<img alt=""Women&#39;s Equality Party"" src=""https://cdn.ballotpedia.org/images/2/2d/Purple-Green-Half_Dot-Women%27s_Equality_Party.png"" width=""18"" height=""18"" data-file-width=""16"" data-file-height=""16"" />",New_York
752,District 4,"<img alt=""Reform Party"" src=""https://cdn.ballotpedia.org/images/e/e0/Blueslashed.png"" width=""18"" height=""18"" data-file-width=""16"" data-file-height=""16"" />",New_York
753,District 5,Gregory W. Meeks,New_York
754,District 6,Democratic,New_York
755,District 6,Republican,New_York
756,District 6,Conservative Party,New_York
757,District 6,Green Party,New_York
758,District 6,Independence Party,New_York
759,District 6,Reform Party,New_York
760,District 6,Women's Equality Party,New_York
761,District 6,Working Families Party,New_York
762,District 6,Grace Meng,New_York
763,District 6,Tom Hillgardner,New_York
764,District 6,Fusion voting,New_York
765,District 6,"<img alt=""Reform Party"" src=""https://cdn.ballotpedia.org/images/e/e0/Blueslashed.png"" width=""18"" height=""18"" data-file-width=""16"" data-file-height=""16"" />",New_York
766,District 7,Democratic,New_York
767,District 7,Republican,New_York
768,District 7,Conservative Party,New_York
769,District 7,Green Party,New_York
770,District 7,Independence Party,New_York
771,District 7,Reform Party,New_York
772,District 7,Women's Equality Party,New_York
773,District 7,Working Families Party,New_York
774,District 7,Nydia Velazquez,New_York
775,District 7,Joseph Lieberman,New_York
776,District 7,Jeffrey Kurzon,New_York
777,District 7,Fusion voting,New_York
778,District 7,"<img alt=""Working Families Party"" src=""https://cdn.ballotpedia.org/images/6/63/Darkgreen.png"" width=""18"" height=""18"" data-file-width=""16"" data-file-height=""16"" />",New_York
779,District 8,Democratic,New_York
780,District 8,Republican,New_York
781,District 8,Conservative Party,New_York
782,District 8,Green Party,New_York
783,District 8,Independence Party,New_York
784,District 8,Reform Party,New_York
785,District 8,Women's Equality Party,New_York
786,District 8,Working Families Party,New_York
787,District 8,Hakeem Jeffries,New_York
788,District 8,Ernest Johnson,New_York
789,District 8,Jessica White,New_York
790,District 8,Fusion voting,New_York
791,District 8,"<img alt=""Working Families Party"" src=""https://cdn.ballotpedia.org/images/6/63/Darkgreen.png"" width=""18"" height=""18"" data-file-width=""16"" data-file-height=""16"" />",New_York
792,District 9,Democratic,New_York
793,District 9,Republican,New_York
794,District 9,Conservative Party,New_York
795,District 9,Green Party,New_York
796,District 9,Independence Party,New_York
797,District 9,Reform Party,New_York
798,District 9,Women's Equality Party,New_York
799,District 9,Working Families Party,New_York
800,District 9,Yvette D. Clarke,New_York
801,District 9,Lutchi Gayot,New_York
802,District 9,Joel Anabilah-Azumah,New_York
803,District 9,Fusion voting,New_York
804,District 9,"<img alt=""Working Families Party"" src=""https://cdn.ballotpedia.org/images/6/63/Darkgreen.png"" width=""18"" height=""18"" data-file-width=""16"" data-file-height=""16"" />",New_York
805,District 9,"<img alt=""Darkred.png"" src=""https://cdn.ballotpedia.org/images/4/42/Darkred.png"" width=""18"" height=""18"" data-file-width=""16"" data-file-height=""16"" />",New_York
806,District 10,Democratic,New_York
807,District 10,Republican,New_York
808,District 10,Conservative Party,New_York
809,District 10,Green Party,New_York
810,District 10,Independence Party,New_York
811,District 10,Reform Party,New_York
812,District 10,Women's Equality Party,New_York
813,District 10,Working Families Party,New_York
814,District 10,Jerrold Nadler,New_York
815,District 10,Naomi Levin,New_York
816,District 10,Fusion voting,New_York
817,District 10,"<img alt=""Working Families Party"" src=""https://cdn.ballotpedia.org/images/6/63/Darkgreen.png"" width=""18"" height=""18"" data-file-width=""16"" data-file-height=""16"" />",New_York
818,District 10,"<img alt=""Reform Party"" src=""https://cdn.ballotpedia.org/images/e/e0/Blueslashed.png"" width=""18"" height=""18"" data-file-width=""16"" data-file-height=""16"" />",New_York
819,District 11,Democratic,New_York
820,District 11,Republican,New_York
821,District 11,Conservative Party,New_York
822,District 11,Green Party,New_York
823,District 11,Independence Party,New_York
824,District 11,Reform Party,New_York
825,District 11,Women's Equality Party,New_York
826,District 11,Working Families Party,New_York
827,District 11,Daniel Donovan,New_York
828,District 11,Max Rose,New_York
829,District 11,Henry Bardel,New_York
830,District 11,Fusion voting,New_York
831,District 11,"<img alt=""Reform Party"" src=""https://cdn.ballotpedia.org/images/e/e0/Blueslashed.png"" width=""18"" height=""18"" data-file-width=""16"" data-file-height=""16"" />",New_York
832,District 11,"<img alt=""Women&#39;s Equality Party"" src=""https://cdn.ballotpedia.org/images/2/2d/Purple-Green-Half_Dot-Women%27s_Equality_Party.png"" width=""18"" height=""18"" data-file-width=""16"" data-file-height=""16"" />",New_York
833,District 11,&#91;7&#93;,New_York
834,District 12,Democratic,New_York
835,District 12,Republican,New_York
836,District 12,Conservative Party,New_York
837,District 12,Green Party,New_York
838,District 12,Independence Party,New_York
839,District 12,Reform Party,New_York
840,District 12,Women's Equality Party,New_York
841,District 12,Working Families Party,New_York
842,District 12,Carolyn B. Maloney,New_York
843,District 12,Eliot Rabin,New_York
844,District 12,Scott Hutchins,New_York
845,District 12,Fusion voting,New_York
846,District 12,"<img alt=""Reform Party"" src=""https://cdn.ballotpedia.org/images/e/e0/Blueslashed.png"" width=""18"" height=""18"" data-file-width=""16"" data-file-height=""16"" />",New_York
847,District 13,Democratic,New_York
848,District 13,Republican,New_York
849,District 13,Conservative Party,New_York
850,District 13,Green Party,New_York
851,District 13,Independence Party,New_York
852,District 13,Reform Party,New_York
853,District 13,Women's Equality Party,New_York
854,District 13,Working Families Party,New_York
855,District 13,Adriano Espaillat,New_York
856,District 13,Jineea Butler,New_York
857,District 13,Fusion voting,New_York
858,District 13,"<img alt=""Working Families Party"" src=""https://cdn.ballotpedia.org/images/6/63/Darkgreen.png"" width=""18"" height=""18"" data-file-width=""16"" data-file-height=""16"" />",New_York
859,District 13,"<img alt=""Reform Party"" src=""https://cdn.ballotpedia.org/images/e/e0/Blueslashed.png"" width=""18"" height=""18"" data-file-width=""16"" data-file-height=""16"" />",New_York
860,District 14,Democratic,New_York
861,District 14,Republican,New_York
862,District 14,Conservative Party,New_York
863,District 14,Green Party,New_York
864,District 14,Independence Party,New_York
865,District 14,Reform Party,New_York
866,District 14,Women's Equality Party,New_York
867,District 14,Working Families Party,New_York
868,District 14,Joseph Crowley,New_York
869,District 14,Alexandria Ocasio-Cortez,New_York
870,District 14,Anthony Pappas,New_York
871,District 14,Elizabeth Perri,New_York
872,District 14,James Dillon,New_York
873,District 14,Fusion voting,New_York
874,District 14,"<img alt=""Women&#39;s Equality Party"" src=""https://cdn.ballotpedia.org/images/2/2d/Purple-Green-Half_Dot-Women%27s_Equality_Party.png"" width=""18"" height=""18"" data-file-width=""16"" data-file-height=""16"" />",New_York
875,District 15,Democratic,New_York
876,District 15,Republican,New_York
877,District 15,Conservative Party,New_York
878,District 15,Green Party,New_York
879,District 15,Independence Party,New_York
880,District 15,Reform Party,New_York
881,District 15,Women's Equality Party,New_York
882,District 15,Working Families Party,New_York
883,District 15,José Serrano,New_York
884,District 15,Jason Gonzalez,New_York
885,District 15,Fusion voting,New_York
886,District 15,"<img alt=""Working Families Party"" src=""https://cdn.ballotpedia.org/images/6/63/Darkgreen.png"" width=""18"" height=""18"" data-file-width=""16"" data-file-height=""16"" />",New_York
887,District 15,"<img alt=""Darkred.png"" src=""https://cdn.ballotpedia.org/images/4/42/Darkred.png"" width=""18"" height=""18"" data-file-width=""16"" data-file-height=""16"" />",New_York
888,District 16,Democratic,New_York
889,District 16,Republican,New_York
890,District 16,Conservative Party,New_York
891,District 16,Green Party,New_York
892,District 16,Independence Party,New_York
893,District 16,Reform Party,New_York
894,District 16,Women's Equality Party,New_York
895,District 16,Working Families Party,New_York
896,District 16,Eliot Engel,New_York
897,District 16,Fusion voting,New_York
898,District 16,"<img alt=""Women&#39;s Equality Party"" src=""https://cdn.ballotpedia.org/images/2/2d/Purple-Green-Half_Dot-Women%27s_Equality_Party.png"" width=""18"" height=""18"" data-file-width=""16"" data-file-height=""16"" />",New_York
899,District 17,Democratic,New_York
900,District 17,Republican,New_York
901,District 17,Conservative Party,New_York
902,District 17,Green Party,New_York
903,District 17,Independence Party,New_York
904,District 17,Reform Party,New_York
905,District 17,Women's Equality Party,New_York
906,District 17,Working Families Party,New_York
907,District 17,Nita Lowey,New_York
908,District 17,Joseph Ciardullo,New_York
909,District 17,Fusion voting,New_York
910,District 17,"<img alt=""Women&#39;s Equality Party"" src=""https://cdn.ballotpedia.org/images/2/2d/Purple-Green-Half_Dot-Women%27s_Equality_Party.png"" width=""18"" height=""18"" data-file-width=""16"" data-file-height=""16"" />",New_York
911,District 18,Democratic,New_York
912,District 18,Republican,New_York
913,District 18,Conservative Party,New_York
914,District 18,Green Party,New_York
915,District 18,Independence Party,New_York
916,District 18,Reform Party,New_York
917,District 18,Women's Equality Party,New_York
918,District 18,Working Families Party,New_York
919,District 18,Sean Maloney,New_York
920,District 18,James O&#39;Donnell,New_York
921,District 18,Alex Fernandez,New_York
922,District 18,Fusion voting,New_York
923,District 18,"<img alt=""Women&#39;s Equality Party"" src=""https://cdn.ballotpedia.org/images/2/2d/Purple-Green-Half_Dot-Women%27s_Equality_Party.png"" width=""18"" height=""18"" data-file-width=""16"" data-file-height=""16"" />",New_York
924,District 18,"<img alt=""Reform Party"" src=""https://cdn.ballotpedia.org/images/e/e0/Blueslashed.png"" width=""18"" height=""18"" data-file-width=""16"" data-file-height=""16"" />",New_York
925,District 19,Democratic,New_York
926,District 19,Republican,New_York
927,District 19,Conservative Party,New_York
928,District 19,Green Party,New_York
929,District 19,Independence Party,New_York
930,District 19,Reform Party,New_York
931,District 19,Women's Equality Party,New_York
932,District 19,Working Families Party,New_York
933,District 19,John Faso,New_York
934,District 19,Antonio Delgado,New_York
935,District 19,Steven Greenfield,New_York
936,District 19,Diane Neal,New_York
937,District 19,Chad McEvoy,New_York
938,District 19,Bob Cohen,New_York
939,District 19,Luisa Parker,New_York
940,District 19,Victoria Alexander,New_York
941,District 19,Dal LaMagna,New_York
942,District 19,Fusion voting,New_York
943,District 19,"<img alt=""Reform Party"" src=""https://cdn.ballotpedia.org/images/e/e0/Blueslashed.png"" width=""18"" height=""18"" data-file-width=""16"" data-file-height=""16"" />",New_York
944,District 19,"<img alt=""Women&#39;s Equality Party"" src=""https://cdn.ballotpedia.org/images/2/2d/Purple-Green-Half_Dot-Women%27s_Equality_Party.png"" width=""18"" height=""18"" data-file-width=""16"" data-file-height=""16"" />",New_York
945,District 20,Democratic,New_York
946,District 20,Republican,New_York
947,District 20,Conservative Party,New_York
948,District 20,Green Party,New_York
949,District 20,Independence Party,New_York
950,District 20,Reform Party,New_York
951,District 20,Women's Equality Party,New_York
952,District 20,Working Families Party,New_York
953,District 20,Paul Tonko,New_York
954,District 20,Joe Vitollo,New_York
955,District 20,Fusion voting,New_York
956,District 20,"<img alt=""Reform Party"" src=""https://cdn.ballotpedia.org/images/e/e0/Blueslashed.png"" width=""18"" height=""18"" data-file-width=""16"" data-file-height=""16"" />",New_York
957,District 21,Democratic,New_York
958,District 21,Republican,New_York
959,District 21,Conservative Party,New_York
960,District 21,Green Party,New_York
961,District 21,Independence Party,New_York
962,District 21,Reform Party,New_York
963,District 21,Women's Equality Party,New_York
964,District 21,Working Families Party,New_York
965,District 21,Elise Stefanik,New_York
966,District 21,Tedra Cobb,New_York
967,District 21,Lynn Kahn,New_York
968,District 21,Dylan Ratigan,New_York
969,District 21,Katie Wilson,New_York
970,District 21,Steve Krieg,New_York
971,District 21,Chris Schmidt,New_York
972,District 21,Fusion voting,New_York
973,District 21,"<img alt=""Reform Party"" src=""https://cdn.ballotpedia.org/images/e/e0/Blueslashed.png"" width=""18"" height=""18"" data-file-width=""16"" data-file-height=""16"" />",New_York
974,District 21,"<img alt=""Women&#39;s Equality Party"" src=""https://cdn.ballotpedia.org/images/2/2d/Purple-Green-Half_Dot-Women%27s_Equality_Party.png"" width=""18"" height=""18"" data-file-width=""16"" data-file-height=""16"" />",New_York
975,District 22,Democratic,New_York
976,District 22,Republican,New_York
977,District 22,Conservative Party,New_York
978,District 22,Green Party,New_York
979,District 22,Independence Party,New_York
980,District 22,Reform Party,New_York
981,District 22,Women's Equality Party,New_York
982,District 22,Working Families Party,New_York
983,District 22,Claudia Tenney,New_York
984,District 22,Anthony Brindisi,New_York
985,District 22,Fusion voting,New_York
986,District 22,"<img alt=""Reform Party"" src=""https://cdn.ballotpedia.org/images/e/e0/Blueslashed.png"" width=""18"" height=""18"" data-file-width=""16"" data-file-height=""16"" />",New_York
987,District 22,"<img alt=""Women&#39;s Equality Party"" src=""https://cdn.ballotpedia.org/images/2/2d/Purple-Green-Half_Dot-Women%27s_Equality_Party.png"" width=""18"" height=""18"" data-file-width=""16"" data-file-height=""16"" />",New_York
988,District 23,Democratic,New_York
989,District 23,Republican,New_York
990,District 23,Conservative Party,New_York
991,District 23,Green Party,New_York
992,District 23,Independence Party,New_York
993,District 23,Reform Party,New_York
994,District 23,Women's Equality Party,New_York
995,District 23,Working Families Party,New_York
996,District 23,Tom Reed,New_York
997,District 23,Tracy Mitrano,New_York
998,District 23,John Hertzler,New_York
999,District 23,James Clasby,New_York
1000,District 23,Fusion voting,New_York
1001,District 23,"<img alt=""Independence Party of America"" src=""https://cdn.ballotpedia.org/images/4/45/Darkpurple.png"" width=""18"" height=""18"" data-file-width=""16"" data-file-height=""16"" />",New_York
1002,District 23,"<img alt=""Women&#39;s Equality Party"" src=""https://cdn.ballotpedia.org/images/2/2d/Purple-Green-Half_Dot-Women%27s_Equality_Party.png"" width=""18"" height=""18"" data-file-width=""16"" data-file-height=""16"" />",New_York
1003,District 24,Democratic,New_York
1004,District 24,Republican,New_York
1005,District 24,Conservative Party,New_York
1006,District 24,Green Party,New_York
1007,District 24,Independence Party,New_York
1008,District 24,Reform Party,New_York
1009,District 24,Women's Equality Party,New_York
1010,District 24,Working Families Party,New_York
1011,District 24,John Katko,New_York
1012,District 24,Dana Balter,New_York
1013,District 24,Bill Bass,New_York
1014,District 24,Fusion voting,New_York
1015,District 24,"<img alt=""Women&#39;s Equality Party"" src=""https://cdn.ballotpedia.org/images/2/2d/Purple-Green-Half_Dot-Women%27s_Equality_Party.png"" width=""18"" height=""18"" data-file-width=""16"" data-file-height=""16"" />",New_York
1016,District 24,"<img alt=""Reform Party"" src=""https://cdn.ballotpedia.org/images/e/e0/Blueslashed.png"" width=""18"" height=""18"" data-file-width=""16"" data-file-height=""16"" />",New_York
1017,District 25,Democratic,New_York
1018,District 25,Republican,New_York
1019,District 25,Conservative Party,New_York
1020,District 25,Green Party,New_York
1021,District 25,Independence Party,New_York
1022,District 25,Reform Party,New_York
1023,District 25,Women's Equality Party,New_York
1024,District 25,Working Families Party,New_York
1025,District 25,Joseph Morelle,New_York
1026,District 25,James Maxwell,New_York
1027,District 25,Fusion voting,New_York
1028,District 25,"<img alt=""Women&#39;s Equality Party"" src=""https://cdn.ballotpedia.org/images/2/2d/Purple-Green-Half_Dot-Women%27s_Equality_Party.png"" width=""18"" height=""18"" data-file-width=""16"" data-file-height=""16"" />",New_York
1029,District 25,"<img alt=""Reform Party"" src=""https://cdn.ballotpedia.org/images/e/e0/Blueslashed.png"" width=""18"" height=""18"" data-file-width=""16"" data-file-height=""16"" />",New_York
1030,District 26,Democratic,New_York
1031,District 26,Republican,New_York
1032,District 26,Conservative Party,New_York
1033,District 26,Green Party,New_York
1034,District 26,Independence Party,New_York
1035,District 26,Reform Party,New_York
1036,District 26,Women's Equality Party,New_York
1037,District 26,Working Families Party,New_York
1038,District 26,Brian Higgins,New_York
1039,District 26,Renee Zeno,New_York
1040,District 26,Fusion voting,New_York
1041,District 26,"<img alt=""Women&#39;s Equality Party"" src=""https://cdn.ballotpedia.org/images/2/2d/Purple-Green-Half_Dot-Women%27s_Equality_Party.png"" width=""18"" height=""18"" data-file-width=""16"" data-file-height=""16"" />",New_York
1042,District 27,Democratic,New_York
1043,District 27,Republican,New_York
1044,District 27,Conservative Party,New_York
1045,District 27,Green Party,New_York
1046,District 27,Independence Party,New_York
1047,District 27,Reform Party,New_York
1048,District 27,Women's Equality Party,New_York
1049,District 27,Working Families Party,New_York
1050,District 27,Chris Collins,New_York
1051,District 27,Nate McMurray,New_York
1052,District 27,Larry Piegza,New_York
1053,District 27,Michael Zak,New_York
1054,District 27,Fusion voting,New_York
1055,District 27,"<img alt=""Independence Party of America"" src=""https://cdn.ballotpedia.org/images/4/45/Darkpurple.png"" width=""18"" height=""18"" data-file-width=""16"" data-file-height=""16"" />",New_York
1056,District 27,"<img alt=""Women&#39;s Equality Party"" src=""https://cdn.ballotpedia.org/images/2/2d/Purple-Green-Half_Dot-Women%27s_Equality_Party.png"" width=""18"" height=""18"" data-file-width=""16"" data-file-height=""16"" />",New_York
1057,District 3,Walter Jones</span>,North_Carolina
1058,District 1,G.K. Butterfield,North_Carolina
1059,District 1,Roger Allison,North_Carolina
1060,District 2,George Holding,North_Carolina
1061,District 2,Linda Coleman,North_Carolina
1062,District 2,Jeff Matemu,North_Carolina
1063,District 3,"<img alt=""Republican Party"" src=""https://cdn.ballotpedia.org/images/f/fd/Ends.png"" width=""18"" height=""18"" data-file-width=""16"" data-file-height=""16"">",North_Carolina
1064,District 3,"<img alt=""Walter B. Jones.jpg"" src=""https://ballotpedia.s3.amazonaws.com/images/thumb/5/56/Walter_B._Jones.jpg/150px-Walter_B._Jones.jpg?AWSAccessKeyId=AKIAJYSMGSWZEGREQP4Q&amp;Expires=1540250187&amp;Signature=4jqnf42SBy8TE6O1bTDVNhgGc7s%3D"" width=""150"" height=""183"" srcset=""https://ballotpedia.s3.amazonaws.com/images/thumb/5/56/Walter_B._Jones.jpg/225px-Walter_B._Jones.jpg?AWSAccessKeyId=AKIAJYSMGSWZEGREQP4Q&amp;Expires=1540250187&amp;Signature=8jVFS27uDe6BMvpCQFxCuuHqTRs%3D 1.5x, https://ballotpedia.s3.amazonaws.com/images/thumb/5/56/Walter_B._Jones.jpg/300px-Walter_B._Jones.jpg?AWSAccessKeyId=AKIAJYSMGSWZEGREQP4Q&amp;Expires=1540250187&amp;Signature=xWTKruVQq9apbMg7fNw19RapVUM%3D 2x"" data-file-width=""450"" data-file-height=""550"" />",North_Carolina
1065,District 3,"<img alt=""Twitter"" src=""https://ballotpedia.s3.amazonaws.com/images/thumb/f/fb/Bajaber_Twitter.png/30px-Bajaber_Twitter.png?AWSAccessKeyId=AKIAJYSMGSWZEGREQP4Q&amp;Expires=1540250188&amp;Signature=fFjmxCNUZySn7gwkzrcqvycdk2Y%3D"" width=""30"" height=""30"" srcset=""https://ballotpedia.s3.amazonaws.com/images/thumb/f/fb/Bajaber_Twitter.png/45px-Bajaber_Twitter.png?AWSAccessKeyId=AKIAJYSMGSWZEGREQP4Q&amp;Expires=1540250188&amp;Signature=7MEuFRzKt10hODEEp5juf9SBGqM%3D 1.5x, https://ballotpedia.s3.amazonaws.com/images/thumb/f/fb/Bajaber_Twitter.png/60px-Bajaber_Twitter.png?AWSAccessKeyId=AKIAJYSMGSWZEGREQP4Q&amp;Expires=1540250188&amp;Signature=dgJZz3f%2FAbMKq3YGlyl0N9B%2FW7I%3D 2x"" data-file-width=""512"" data-file-height=""512"" />",North_Carolina
1066,District 3,&#91;4&#93;,North_Carolina
1067,District 4,David Price,North_Carolina
1068,District 4,Steve Von Loor,North_Carolina
1069,District 4,Barbara Howe,North_Carolina
1070,District 5,Virginia Foxx,North_Carolina
1071,District 5,Denise Adams,North_Carolina
1072,District 6,Mark Walker,North_Carolina
1073,District 6,Ryan Watts,North_Carolina
1074,District 7,David Rouzer,North_Carolina
1075,District 7,Kyle Horton,North_Carolina
1076,District 7,David Fallin,North_Carolina
1077,District 8,Richard Hudson,North_Carolina
1078,District 8,Frank McNeill,North_Carolina
1079,District 9,Dan McCready,North_Carolina
1080,District 9,Mark Harris,North_Carolina
1081,District 9,Jeff Scott,North_Carolina
1082,District 10,Patrick McHenry,North_Carolina
1083,District 10,David Wilson Brown,North_Carolina
1084,District 11,Mark Meadows,North_Carolina
1085,District 11,Phillip Price,North_Carolina
1086,District 11,Clifton Ingram Jr.,North_Carolina
1087,District 12,Alma Adams,North_Carolina
1088,District 12,Paul Wright,North_Carolina
1089,District 13,Ted Budd,North_Carolina
1090,District 13,Kathy Manning,North_Carolina
1091,District 13,Tom Bailey,North_Carolina
1092,District 13,Robert Corriher,North_Carolina
1093,,Mac Schneider,North_Dakota
1094,,Kelly Armstrong,North_Dakota
1095,,Charles Tuttle,North_Dakota
1096,District 1,Steve Chabot,Ohio
1097,District 1,Aftab Pureval,Ohio
1098,District 1,Dirk Kubala,Ohio
1099,District 1,Mike Goldschmidt,Ohio
1100,District 1,Kiumars Kiani,Ohio
1101,District 2,Brad Wenstrup,Ohio
1102,District 2,Jill Schiller,Ohio
1103,District 2,James Condit Jr.,Ohio
1104,District 2,Steve Myers,Ohio
1105,District 2,David Baker,Ohio
1106,District 3,Joyce Beatty,Ohio
1107,District 3,Jim Burgess,Ohio
1108,District 3,Millie Milam,Ohio
1109,District 4,Jim Jordan,Ohio
1110,District 4,Janet Garrett,Ohio
1111,District 4,"Norbert Dennerll, Jr.",Ohio
1112,District 5,Bob Latta,Ohio
1113,District 5,John Michael Galbraith,Ohio
1114,District 5,Don Kissick,Ohio
1115,District 6,Bill Johnson,Ohio
1116,District 6,Shawna Roberts,Ohio
1117,District 7,Bob Gibbs,Ohio
1118,District 7,Ken Harbaugh,Ohio
1119,District 8,Warren Davidson,Ohio
1120,District 8,Vanessa Enoch,Ohio
1121,District 8,Stephen D. Shaw,Ohio
1122,District 9,Marcy Kaptur,Ohio
1123,District 9,Steven Kraus,Ohio
1124,District 9,McKenzie Levindofske,Ohio
1125,District 10,Michael Turner,Ohio
1126,District 10,Theresa Gasper,Ohio
1127,District 10,David Harlow,Ohio
1128,District 11,Marcia Fudge,Ohio
1129,District 11,Beverly Goldstein,Ohio
1130,District 11,James Jerome Bell,Ohio
1131,District 12,Troy Balderson,Ohio
1132,District 12,Danny O&#39;Connor,Ohio
1133,District 12,Joe Manchik,Ohio
1134,District 12,Jonathan Veley,Ohio
1135,District 12,Matthew Brendan O&#39;Connor,Ohio
1136,District 12,Marc Fagin,Ohio
1137,District 13,Tim Ryan,Ohio
1138,District 13,Christopher DePizzo,Ohio
1139,District 14,David Joyce,Ohio
1140,District 14,Betsy Rader,Ohio
1141,District 14,David Macko,Ohio
1142,District 15,Steve Stivers,Ohio
1143,District 15,Rick Neal,Ohio
1144,District 15,Johnathan Miller Jr.,Ohio
1145,District 16,Susan Moran Palmer,Ohio
1146,District 16,Anthony Gonzalez,Ohio
1147,District 1,Suzanne Bonamici,Oregon
1148,District 1,John Verbeek,Oregon
1149,District 1,Drew Layda,Oregon
1150,District 2,Greg Walden,Oregon
1151,District 2,Jamie McLeod-Skinner,Oregon
1152,District 2,Mark Roberts,Oregon
1153,District 3,Earl Blumenauer,Oregon
1154,District 3,Michael P. Marsh,Oregon
1155,District 3,Marc Koller,Oregon
1156,District 3,Gary Dye,Oregon
1157,District 4,Peter DeFazio,Oregon
1158,District 4,Art Robinson,Oregon
1159,District 4,Richard Jacobson,Oregon
1160,District 4,Michael Beilstein,Oregon
1161,District 5,Kurt Schrader,Oregon
1162,District 5,Mark Callahan,Oregon
1163,District 5,Dan Souza,Oregon
1164,District 5,Marvin Sandnes,Oregon
1165,District 1,Brian Fitzpatrick,Pennsylvania
1166,District 1,Scott Wallace,Pennsylvania
1167,District 1,Steve Scheetz,Pennsylvania
1168,District 2,Brendan Boyle,Pennsylvania
1169,District 2,David Torres,Pennsylvania
1170,District 3,Dwight Evans,Pennsylvania
1171,District 3,Bryan Leib,Pennsylvania
1172,District 4,Madeleine Dean,Pennsylvania
1173,District 4,Dan David,Pennsylvania
1174,District 5,Mary Gay Scanlon,Pennsylvania
1175,District 5,Pearl Kim,Pennsylvania
1176,District 6,Chrissy Houlahan,Pennsylvania
1177,District 6,Greg McCauley,Pennsylvania
1178,District 7,Susan Wild,Pennsylvania
1179,District 7,Marty Nothstein,Pennsylvania
1180,District 7,Tim Silfies,Pennsylvania
1181,District 8,Matt Cartwright,Pennsylvania
1182,District 8,John Chrin,Pennsylvania
1183,District 9,Denny Wolff,Pennsylvania
1184,District 9,Dan Meuser,Pennsylvania
1185,District 10,George Scott,Pennsylvania
1186,District 10,Scott Perry,Pennsylvania
1187,District 11,Lloyd Smucker,Pennsylvania
1188,District 11,Jessica King,Pennsylvania
1189,District 12,Marc Friedenberg,Pennsylvania
1190,District 12,Tom Marino,Pennsylvania
1191,District 13,Brent Ottaway,Pennsylvania
1192,District 13,John Joyce,Pennsylvania
1193,District 14,Bibiana Boerio,Pennsylvania
1194,District 14,Guy Reschenthaler,Pennsylvania
1195,District 15,Glenn Thompson,Pennsylvania
1196,District 15,Susan Boser,Pennsylvania
1197,District 16,Mike Kelly,Pennsylvania
1198,District 16,Ronald DiNicola,Pennsylvania
1199,District 16,Ebert Beeman,Pennsylvania
1200,District 17,Conor Lamb,Pennsylvania
1201,District 17,Keith Rothfus,Pennsylvania
1202,District 18,Michael Doyle,Pennsylvania
1203,District 1,David N. Cicilline,Rhode_Island
1204,District 1,Patrick Donovan,Rhode_Island
1205,District 1,Daniel Guilmette,Rhode_Island
1206,District 2,Jim Langevin,Rhode_Island
1207,District 2,Salvatore Caiozzo,Rhode_Island
1208,District 1,Joe Cunningham,South_Carolina
1209,District 1,Katie Arrington,South_Carolina
1210,District 2,Joe Wilson,South_Carolina
1211,District 2,Sean Carrigan,South_Carolina
1212,District 2,Sonny Narang,South_Carolina
1213,District 3,Jeff Duncan,South_Carolina
1214,District 3,Mary Geren,South_Carolina
1215,District 3,Dave Moore,South_Carolina
1216,District 3,John Bednar,South_Carolina
1217,District 4,Brandon Brown,South_Carolina
1218,District 4,William Timmons,South_Carolina
1219,District 4,Guy Furay,South_Carolina
1220,District 5,Ralph Norman,South_Carolina
1221,District 5,Archie Parnell,South_Carolina
1222,District 5,Michael Chandler,South_Carolina
1223,District 6,James Clyburn,South_Carolina
1224,District 6,Gerhard Gressmann,South_Carolina
1225,District 6,Bryan Pugh,South_Carolina
1226,District 7,Tom Rice,South_Carolina
1227,District 7,Robert Williams,South_Carolina
1228,,Timothy Bjorkman,South_Dakota
1229,,Dusty Johnson,South_Dakota
1230,,George Hendrickson,South_Dakota
1231,,Ron Wieczorek,South_Dakota
1232,,Phil Roe,Tennessee
1233,,Marty Olsen,Tennessee
1234,,Michael Salyer,Tennessee
1235,District 1,Louis B. &quot;Louie&quot; Gohmert Jr.,Texas
1236,District 1,Shirley McKellar,Texas
1237,District 2,Todd Litton,Texas
1238,District 2,Daniel Crenshaw,Texas
1239,District 2,Patrick Gunnels,Texas
1240,District 2,Scott Cubbler,Texas
1241,District 3,Lorie Burch,Texas
1242,District 3,Van Taylor,Texas
1243,District 3,Christopher Claytor,Texas
1244,District 3,Jeff Simmons,Texas
1245,District 4,John Ratcliffe,Texas
1246,District 4,Catherine Krantz,Texas
1247,District 4,Ken Ashby,Texas
1248,District 5,Dan Wood,Texas
1249,District 5,Lance Gooden,Texas
1250,District 5,Phil Gray,Texas
1251,District 6,Jana Lynne Sanchez,Texas
1252,District 6,Ronald Wright,Texas
1253,District 6,Jason Harber,Texas
1254,District 7,John Culberson,Texas
1255,District 7,Lizzie Pannill Fletcher,Texas
1256,District 7,Ronald Kimmons,Texas
1257,District 8,Kevin Brady,Texas
1258,District 8,Steven David,Texas
1259,District 8,Chris Duncan,Texas
1260,District 9,Al Green,Texas
1261,District 9,Phil Kurtz,Texas
1262,District 9,Benjamin Hernandez,Texas
1263,District 9,Kesha Rogers,Texas
1264,District 10,Michael McCaul,Texas
1265,District 10,Mike Siegel,Texas
1266,District 10,Mike Ryan,Texas
1267,District 11,Mike Conaway,Texas
1268,District 11,Jennie Lou Leeder,Texas
1269,District 11,Rhett Rosenquest Smith,Texas
1270,District 12,Kay Granger,Texas
1271,District 12,Vanessa Adia,Texas
1272,District 12,Jacob Leddy,Texas
1273,District 13,Mac Thornberry,Texas
1274,District 13,Greg Sagan,Texas
1275,District 13,Calvin DeWeese,Texas
1276,District 14,Randy Weber,Texas
1277,District 14,Adrienne Bell,Texas
1278,District 14,Don Conley III,Texas
1279,District 15,Vicente González,Texas
1280,District 15,Tim Westley,Texas
1281,District 15,Anthony Cristo,Texas
1282,District 16,Veronica Escobar,Texas
1283,District 16,Rick Seeberger,Texas
1284,District 16,Ben Mendoza,Texas
1285,District 16,&#91;6&#93;,Texas
1286,District 17,Bill Flores,Texas
1287,District 17,Rick Kennedy,Texas
1288,District 17,Peter Churchman,Texas
1289,District 18,Sheila Jackson Lee,Texas
1290,District 18,Ava Pate,Texas
1291,District 18,Luke Spencer,Texas
1292,District 18,Vince Duncan,Texas
1293,District 19,Jodey Arrington,Texas
1294,District 19,Miguel Levario,Texas
1295,District 20,Joaquin Castro,Texas
1296,District 20,Jeffrey Blunt,Texas
1297,District 21,Joseph Kopser,Texas
1298,District 21,Chip Roy,Texas
1299,District 21,Lee Santos,Texas
1300,District 22,Peter G. &quot;Pete&quot; Olson,Texas
1301,District 22,Sri Preston Kulkarni,Texas
1302,District 22,John McElligott,Texas
1303,District 22,Sara Kellen Sweny,Texas
1304,District 23,William &quot;Will&quot; Hurd,Texas
1305,District 23,Gina Ortiz Jones,Texas
1306,District 23,Ruben Corvalan,Texas
1307,District 24,Kenny Marchant,Texas
1308,District 24,Jan McDowell,Texas
1309,District 24,Mike Kolls,Texas
1310,District 25,Roger Williams,Texas
1311,District 25,Julie Oliver,Texas
1312,District 25,Desarae Lindsey,Texas
1313,District 25,Martin Luecke,Texas
1314,District 26,Michael C. Burgess,Texas
1315,District 26,Linsey Fagan,Texas
1316,District 26,Mark Boler,Texas
1317,District 27,Michael Cloud,Texas
1318,District 27,Eric Holguin,Texas
1319,District 27,Daniel Tinus,Texas
1320,District 27,James Duerr,Texas
1321,District 28,Henry Cuellar,Texas
1322,District 28,Arthur Thomas IV,Texas
1323,District 29,Sylvia Garcia,Texas
1324,District 29,Phillip Arnold Aronoff,Texas
1325,District 29,Cullen Burns,Texas
1326,District 29,Johnathan Garza,Texas
1327,District 30,Eddie Bernice Johnson,Texas
1328,District 30,Shawn Jones,Texas
1329,District 31,John Carter,Texas
1330,District 31,Mary Jennings &quot;M.J.&quot; Hegar,Texas
1331,District 31,Jason Hope,Texas
1332,District 32,Pete Sessions,Texas
1333,District 32,Colin Allred,Texas
1334,District 32,Melina Baker,Texas
1335,District 33,Marc Veasey,Texas
1336,District 33,Willie Billups,Texas
1337,District 33,Jason Reeves,Texas
1338,District 34,Filemon Vela,Texas
1339,District 34,Rey Gonzalez,Texas
1340,District 35,Lloyd Doggett,Texas
1341,District 35,David Smalling,Texas
1342,District 35,Clark Patterson,Texas
1343,District 36,Brian Babin,Texas
1344,District 36,Dayna Steele,Texas
1345,District 1,Rob Bishop,Utah
1346,District 1,Lee Castillo,Utah
1347,District 1,Adam Davis,Utah
1348,District 1,Eric Eliason,Utah
1349,District 2,Chris Stewart,Utah
1350,District 2,Shireen Ghorbani,Utah
1351,District 2,Jeffrey Whipple,Utah
1352,District 2,Jan Garbett,Utah
1353,District 3,John Curtis,Utah
1354,District 3,James Singer,Utah
1355,District 3,&#91;4&#93;,Utah
1356,District 3,Gregory Duerden,Utah
1357,District 3,&#91;4&#93;,Utah
1358,District 4,Mia Love,Utah
1359,District 4,Ben McAdams,Utah
1360,,Peter Welch,Vermont
1361,,Anya Tynio,Vermont
1362,,Laura Potter,Vermont
1363,,Cris Ericson,Vermont
1364,,H. Brooke Paige,Vermont
1365,,&#91;1&#93;,Vermont
1366,District 1,Rob Wittman,Virginia
1367,District 1,Vangie Williams,Virginia
1368,District 2,Scott Taylor,Virginia
1369,District 2,Elaine Luria,Virginia
1370,District 2,&#91;2&#93;,Virginia
1371,District 3,Bobby Scott,Virginia
1372,District 4,Aston Donald McEachin,Virginia
1373,District 4,Ryan McAdams,Virginia
1374,District 4,Pete Wells,Virginia
1375,District 5,Leslie Cockburn,Virginia
1376,District 5,Denver Riggleman,Virginia
1377,District 6,Jennifer Lewis,Virginia
1378,District 6,Ben Cline,Virginia
1379,District 7,David Brat,Virginia
1380,District 7,Abigail Spanberger,Virginia
1381,District 7,Joe Walton,Virginia
1382,District 8,Don Beyer,Virginia
1383,District 8,Thomas Oh,Virginia
1384,District 9,Morgan Griffith,Virginia
1385,District 9,Anthony Flaccavento,Virginia
1386,District 10,Barbara Comstock,Virginia
1387,District 10,Jennifer Wexton,Virginia
1388,District 10,Nathan Larson,Virginia
1389,District 11,Gerald Connolly,Virginia
1390,District 11,Jeff Dove,Virginia
1391,District 11,Stevan Porter,Virginia
1392,District 1,Suzan DelBene,Washington
1393,District 1,Jeffrey Beeler,Washington
1394,District 2,Rick Larsen,Washington
1395,District 2,Brian Luke,Washington
1396,District 3,Jaime Herrera Beutler,Washington
1397,District 3,Carolyn Long,Washington
1398,District 4,Dan Newhouse,Washington
1399,District 4,Christine Brown,Washington
1400,District 5,Cathy McMorris Rodgers,Washington
1401,District 5,Lisa Brown,Washington
1402,District 6,Derek Kilmer,Washington
1403,District 6,Douglas Dightman,Washington
1404,District 7,Pramila Jayapal,Washington
1405,District 7,Craig Keller,Washington
1406,District 8,Kim Schrier,Washington
1407,District 8,Dino Rossi,Washington
1408,District 9,D. Adam Smith,Washington
1409,District 9,Sarah Smith,Washington
1410,District 10,Denny Heck,Washington
1411,District 10,Joseph Brumbles,Washington
1412,District 1,David McKinley,West_Virginia
1413,District 1,Kendra Fershee,West_Virginia
1414,District 2,Alexander Mooney,West_Virginia
1415,District 2,Talley Sergent,West_Virginia
1416,District 2,Daniel Lutz,West_Virginia
1417,District 3,Richard Ojeda,West_Virginia
1418,District 3,Carol Miller,West_Virginia
1419,District 4,Gwen Moore,Wisconsin
1420,District 4,Tim Rogers,Wisconsin
1421,District 4,Robert Raymond,Wisconsin
